{
  "update_ftms2.js": 1777026529.7285872,
  "update-prisma.js": 1777026529.7283177,
  "postcss.config.mjs": 1777026529.7105272,
  "seed-local.ts": 1777026529.711049,
  "next-env.d.ts": 1777102157.233999,
  "tailwind.config.ts": 1777026529.727653,
  "scratch.ts": 1777026529.7109742,
  "update_ftms.js": 1777026529.7285216,
  "vitest.config.ts": 1777026529.7286546,
  "update2.ts": 1777026529.7284503,
  "update.ts": 1777026529.7283869,
  "next.config.ts": 1777026529.7094493,
  "prisma/seed.ts": 1777026529.7108924,
  "src/middleware.ts": 1777026529.725263,
  "src/app/layout.tsx": 1777026529.7132862,
  "src/app/page.tsx": 1777026529.7136567,
  "src/app/auth/confirm/page.tsx": 1777026529.7127137,
  "src/app/auth/callback/route.ts": 1777026529.7121067,
  "src/app/projects/project-grid.tsx": 1777031132.6373022,
  "src/app/projects/layout.tsx": 1777026529.720763,
  "src/app/projects/page.tsx": 1777031162.5214782,
  "src/app/projects/[projectId]/page.tsx": 1777056090.845758,
  "src/app/projects/[projectId]/dgd/page.tsx": 1777053678.540016,
  "src/app/projects/[projectId]/dgd/[orgId]/page.tsx": 1777058008.368676,
  "src/app/projects/[projectId]/dgd/_components/dgd-financial-recap.tsx": 1777057985.7233882,
  "src/app/projects/[projectId]/dgd/_components/dgd-detail-shell.tsx": 1777056717.6719587,
  "src/app/projects/[projectId]/dgd/_components/dgd-dashboard.tsx": 1777053742.1674514,
  "src/app/projects/[projectId]/dgd/_components/dgd-entreprise-view.tsx": 1777058029.4590895,
  "src/app/projects/[projectId]/admin/confirm-dialog.tsx": 1777026529.714276,
  "src/app/projects/[projectId]/admin/tab-contrats.tsx": 1777029694.7603297,
  "src/app/projects/[projectId]/admin/edit-member-modal.tsx": 1777026529.7145483,
  "src/app/projects/[projectId]/admin/member-config-modal.tsx": 1777030064.5332077,
  "src/app/projects/[projectId]/admin/tab-rbac.tsx": 1777030007.2862496,
  "src/app/projects/[projectId]/admin/capability-labels.ts": 1777053479.1009645,
  "src/app/projects/[projectId]/admin/configuration-client.tsx": 1777029640.841301,
  "src/app/projects/[projectId]/admin/assign-companies-drawer.tsx": 1777026529.7139466,
  "src/app/projects/[projectId]/admin/tab-general.tsx": 1777030592.1286864,
  "src/app/projects/[projectId]/admin/edit-lot-modal.tsx": 1777026529.714395,
  "src/app/projects/[projectId]/admin/invite-member-modal.tsx": 1777026529.7146645,
  "src/app/projects/[projectId]/admin/tab-finance.tsx": 1777026529.7150457,
  "src/app/projects/[projectId]/admin/page.tsx": 1777029632.7084136,
  "src/app/projects/[projectId]/situations/page.tsx": 1777026529.7206943,
  "src/app/projects/[projectId]/situations/[orgId]/page.tsx": 1777026529.720325,
  "src/app/projects/[projectId]/situations/[orgId]/new-situation-form.tsx": 1777026529.7202365,
  "src/app/projects/[projectId]/situations/[orgId]/[situationId]/update-draft-form.tsx": 1777103448.3042536,
  "src/app/projects/[projectId]/situations/[orgId]/[situationId]/moe-review-form.tsx": 1777026529.719733,
  "src/app/projects/[projectId]/situations/[orgId]/[situationId]/situation-timeline.tsx": 1777026529.7200077,
  "src/app/projects/[projectId]/situations/[orgId]/[situationId]/moa-validate-form.tsx": 1777026529.7196496,
  "src/app/projects/[projectId]/situations/[orgId]/[situationId]/page.tsx": 1777103491.9738739,
  "src/app/projects/[projectId]/situations/_components/situations-dashboard.tsx": 1777049981.689925,
  "src/app/projects/[projectId]/situations/_components/forecast-visuals.tsx": 1777026529.7204926,
  "src/app/projects/[projectId]/ftms/analytics-dashboard.tsx": 1777026529.7179618,
  "src/app/projects/[projectId]/ftms/ftm-table-view.tsx": 1777102684.8101046,
  "src/app/projects/[projectId]/ftms/kanban-board.tsx": 1777026529.7182095,
  "src/app/projects/[projectId]/ftms/demands-list.tsx": 1777026529.7180552,
  "src/app/projects/[projectId]/ftms/page.tsx": 1777102142.1197934,
  "src/app/projects/[projectId]/ftms/[ftmId]/etudes-lots-editor.tsx": 1777026529.716934,
  "src/app/projects/[projectId]/ftms/[ftmId]/etudes-participants-modal.tsx": 1777026529.7170317,
  "src/app/projects/[projectId]/ftms/[ftmId]/quote-tracking-dashboard.tsx": 1777026529.7178574,
  "src/app/projects/[projectId]/ftms/[ftmId]/ftm-action-buttons.tsx": 1777026529.7171228,
  "src/app/projects/[projectId]/ftms/[ftmId]/entreprise-etudes-dashboard.tsx": 1777026529.7168362,
  "src/app/projects/[projectId]/ftms/[ftmId]/ftm-detail-shell.tsx": 1777026529.7172284,
  "src/app/projects/[projectId]/ftms/[ftmId]/company-demand-context.tsx": 1777026529.7167258,
  "src/app/projects/[projectId]/ftms/[ftmId]/moa-validator-dropdown.tsx": 1777026529.7175448,
  "src/app/projects/[projectId]/ftms/[ftmId]/page.tsx": 1777026529.7177446,
  "src/app/projects/[projectId]/ftms/[ftmId]/cancel-ftm-modal.tsx": 1777026529.7166271,
  "src/app/projects/[projectId]/ftms/[ftmId]/ftm-quote-history.tsx": 1777026529.7173345,
  "src/app/projects/[projectId]/ftms/[ftmId]/ftm-thread-chat.tsx": 1777026529.717456,
  "src/app/projects/[projectId]/ftms/new/new-ftm-form.tsx": 1777026529.7184072,
  "src/app/projects/[projectId]/ftms/new/page.tsx": 1777026529.7185051,
  "src/app/projects/[projectId]/forecasts/set-forecast-waived-button.tsx": 1777026529.7163615,
  "src/app/projects/[projectId]/forecasts/page.tsx": 1777026529.716265,
  "src/app/projects/[projectId]/forecasts/[orgId]/moe-review-form.tsx": 1777026529.7158132,
  "src/app/projects/[projectId]/forecasts/[orgId]/forecast-timeline.tsx": 1777026529.7156246,
  "src/app/projects/[projectId]/forecasts/[orgId]/forecast-entry-editor.tsx": 1777026529.7155266,
  "src/app/projects/[projectId]/forecasts/[orgId]/moa-validate-form.tsx": 1777026529.7157211,
  "src/app/projects/[projectId]/forecasts/[orgId]/page.tsx": 1777026529.7159424,
  "src/app/projects/[projectId]/forecasts/_components/forecasts-dashboard.tsx": 1777049998.6873226,
  "src/app/projects/[projectId]/penalties/page.tsx": 1777026529.7193632,
  "src/app/projects/[projectId]/penalties/[orgId]/page.tsx": 1777026529.7192822,
  "src/app/projects/[projectId]/penalties/[orgId]/_components/penalty-card.tsx": 1777026529.7191558,
  "src/app/projects/[projectId]/penalties/[orgId]/_components/create-penalty-form.tsx": 1777026529.7190416,
  "src/app/projects/new/wizard-form.tsx": 1777030647.7461479,
  "src/app/projects/new/page.tsx": 1777026529.7208776,
  "src/app/api/ftm-doc/route.ts": 1777026529.7118106,
  "src/app/api/inngest/route.ts": 1777026529.7119315,
  "src/app/login/login-form.tsx": 1777026529.7134693,
  "src/app/login/page.tsx": 1777026529.7135644,
  "src/inngest/client.ts": 1777099814.6357691,
  "src/inngest/index.ts": 1777099816.9183898,
  "src/inngest/functions/notifications.ts": 1777026529.7235813,
  "src/inngest/functions/remind-quotes.ts": 1777026529.7236648,
  "src/inngest/functions/dgd-notifications.ts": 1777055775.601921,
  "src/inngest/functions/situation-notifications.ts": 1777099784.452723,
  "src/inngest/functions/forecast-notifications.ts": 1777099799.8926582,
  "src/emails/etudes-decision.tsx": 1777026529.7225356,
  "src/emails/quote-received.tsx": 1777026529.7231116,
  "src/emails/dgd-notification.tsx": 1777055724.3225393,
  "src/emails/situation-notification.tsx": 1777099746.1101992,
  "src/emails/demand-rejected.tsx": 1777026529.7223508,
  "src/emails/forecast-notification.tsx": 1777099748.1123953,
  "src/emails/reminder-quote.tsx": 1777026529.723324,
  "src/emails/ftm-cancelled.tsx": 1777026529.7227967,
  "src/emails/demand-submitted.tsx": 1777026529.7224374,
  "src/emails/quoting-opened.tsx": 1777026529.723257,
  "src/emails/member-invite.tsx": 1777026529.7229517,
  "src/emails/etudes-submitted.tsx": 1777026529.7226279,
  "src/emails/quote-review.tsx": 1777026529.7231805,
  "src/emails/invitation.tsx": 1777026529.7228668,
  "src/emails/ftm-accepted.tsx": 1777026529.7227242,
  "src/emails/_components/base-layout.tsx": 1777026529.722248,
  "src/server/membership.ts": 1777026529.726214,
  "src/server/forecast/forecast-queries.ts": 1777026529.7256758,